,sofifa_id,player_url,short_name,long_name,player_positions,overall,potential,value_eur,wage_eur,age,dob,height_cm,weight_kg,club_team_id,club_name,league_name,league_level,club_position,club_jersey_number,club_loaned_from,club_joined,club_contract_valid_until,nationality_id,nationality_name,nation_team_id,nation_position,nation_jersey_number,preferred_foot,weak_foot,skill_moves,international_reputation,work_rate,body_type,real_face,release_clause_eur,player_tags,player_traits,pace,shooting,passing,dribbling,defending,physic,attacking_crossing,attacking_finishing,attacking_heading_accuracy,attacking_short_passing,attacking_volleys,skill_dribbling,skill_curve,skill_fk_accuracy,skill_long_passing,skill_ball_control,movement_acceleration,movement_sprint_speed,movement_agility,movement_reactions,movement_balance,power_shot_power,power_jumping,power_stamina,power_strength,power_long_shots,mentality_aggression,mentality_interceptions,mentality_positioning,mentality_vision,mentality_penalties,mentality_composure,defending_marking_awareness,defending_standing_tackle,defending_sliding_tackle,goalkeeping_diving,goalkeeping_handling,goalkeeping_kicking,goalkeeping_positioning,goalkeeping_reflexes,goalkeeping_speed,ls,st,rs,lw,lf,cf,rf,rw,lam,cam,ram,lm,lcm,cm,rcm,rm,lwb,ldm,cdm,rdm,rwb,lb,lcb,cb,rcb,rb,gk,player_face_url,club_logo_url,club_flag_url,nation_logo_url,nation_flag_url
216,169595,https://sofifa.com/player/169595/danny-rose/180002,D. Rose,Danny Rose,"LB, LWB",82,83,21000000.0,100000.0,26,1990-07-02,174,76,18.0,Tottenham Hotspur,English Premier League,1.0,SUB,3.0,,2007-07-01,2021.0,14,England,1318.0,LB,3.0,Left,3,3,3,Medium/High,Normal (170-185),Yes,41500000.0,,,81.0,63.0,73.0,78.0,81.0,78.0,81,57,62,76,64,79,64,57,66,76,80,81,73,82,76,72,75,81,74,69,87,81,68,73,57,73,82,84,85,10,11,8,13,13,,70+2,70+2,70+2,75+1,73+1,73+1,73+1,75+1,74+2,74+2,74+2,76+2,75+2,75+2,75+2,76+2,81+2,79+2,79+2,79+2,81+2,81+2,79+2,79+2,79+2,81+2,19+2,https://cdn.sofifa.net/players/169/595/18_120.png,https://cdn.sofifa.net/teams/18/60.png,https://cdn.sofifa.net/flags/gb-eng.png,https://cdn.sofifa.net/teams/1318/60.png,https://cdn.sofifa.net/flags/gb-eng.png
1364,189615,https://sofifa.com/player/189615/aaron-cresswell/180002,A. Cresswell,Aaron Cresswell,"LB, LWB",76,77,7000000.0,80000.0,27,1989-12-15,170,66,19.0,West Ham United,English Premier League,1.0,LB,3.0,,2014-07-03,2021.0,14,England,,,,Left,3,2,2,High/Medium,Lean (170-),Yes,13800000.0,,,76.0,59.0,72.0,76.0,73.0,68.0,80,53,58,72,45,76,76,69,68,75,75,76,77,68,90,71,85,82,59,62,68,71,63,68,59,72,76,75,77,14,7,9,9,12,,65+1,65+1,65+1,71,69,69,69,71,70+1,70+1,70+1,72+1,71+1,71+1,71+1,72+1,75+1,72+1,72+1,72+1,75+1,75+1,71+1,71+1,71+1,75+1,17+1,https://cdn.sofifa.net/players/189/615/18_120.png,https://cdn.sofifa.net/teams/19/60.png,https://cdn.sofifa.net/flags/gb-eng.png,,https://cdn.sofifa.net/flags/gb-eng.png
502,207993,https://sofifa.com/player/207993/sead-kolasinac/180002,S. Kolašinac,Sead Kolašinac,"LB, LM",80,83,15500000.0,90000.0,24,1993-06-20,183,85,1.0,Arsenal,English Premier League,1.0,LWB,31.0,,2017-07-01,2022.0,8,Bosnia and Herzegovina,,,,Left,2,2,2,Medium/High,Stocky (170-185),No,29800000.0,#Strength,Avoids Using Weaker Foot,78.0,53.0,61.0,64.0,78.0,89.0,74,42,73,68,31,63,43,25,49,69,73,82,52,78,55,82,76,85,91,52,91,71,62,56,44,70,78,83,84,15,9,16,7,9,,66+3,66+3,66+3,65+2,65+2,65+2,65+2,65+2,63+3,63+3,63+3,67+3,65+3,65+3,65+3,67+3,76+3,73+3,73+3,73+3,76+3,77+3,79+3,79+3,79+3,77+3,18+3,https://cdn.sofifa.net/players/207/993/18_120.png,https://cdn.sofifa.net/teams/1/60.png,https://cdn.sofifa.net/flags/gb-eng.png,,https://cdn.sofifa.net/flags/ba.png
1114,203485,https://sofifa.com/player/203485/terence-kongolo/180002,T. Kongolo,Terence Kongolo,"LB, CB",77,82,10000000.0,30000.0,23,1994-02-14,188,70,69.0,AS Monaco,French Ligue 1,1.0,SUB,4.0,,2017-07-03,2022.0,34,Netherlands,,,,Left,4,2,2,Medium/High,Lean (185+),No,19800000.0,,"Long Throw-in, Speed Dribbler (AI), Power Header",81.0,43.0,64.0,67.0,78.0,76.0,67,27,74,72,40,65,63,44,65,69,81,81,75,70,63,67,86,77,77,52,72,77,49,49,42,73,75,82,84,8,14,12,11,12,,59+1,59+1,59+1,62,61,61,61,62,62+1,62+1,62+1,65+1,65+1,65+1,65+1,65+1,75+1,73+1,73+1,73+1,75+1,76+1,77+1,77+1,77+1,76+1,18+1,https://cdn.sofifa.net/players/203/485/18_120.png,https://cdn.sofifa.net/teams/69/60.png,https://cdn.sofifa.net/flags/fr.png,,https://cdn.sofifa.net/flags/nl.png
179,203376,https://sofifa.com/player/203376/virgil-van-dijk/180002,V. van Dijk,Virgil van Dijk,CB,83,86,27500000.0,90000.0,25,1991-07-08,193,92,17.0,Southampton,English Premier League,1.0,RCB,17.0,,2015-09-01,2022.0,34,Netherlands,,,,Right,3,2,3,High/Medium,Normal (185+),Yes,54300000.0,#Strength,"Injury Free, Long Passer (AI)",73.0,60.0,67.0,69.0,83.0,85.0,53,52,80,76,45,70,60,70,76,73,69,76,57,79,51,81,79,76,92,64,78,83,41,59,62,82,83,85,83,13,10,13,11,11,,67+1,67+1,67+1,65,66,66,66,65,66+1,66+1,66+1,67+1,71+1,71+1,71+1,67+1,76+1,79+1,79+1,79+1,76+1,77+1,82+1,82+1,82+1,77+1,19+1,https://cdn.sofifa.net/players/203/376/18_120.png,https://cdn.sofifa.net/teams/17/60.png,https://cdn.sofifa.net/flags/gb-eng.png,,https://cdn.sofifa.net/flags/nl.png
1236,139313,https://sofifa.com/player/139313/christian-fuchs/180002,C. Fuchs,Christian Fuchs,LB,76,76,5000000.0,60000.0,31,1986-04-07,187,89,95.0,Leicester City,English Premier League,1.0,LB,28.0,,2015-07-01,2019.0,4,Austria,,,,Left,2,3,2,Medium/Medium,Normal (185+),Yes,9500000.0,,"Avoids Using Weaker Foot, Long Passer (AI), Giant Throw-in, Set Play Specialist, Takes Finesse Free Kicks",62.0,69.0,77.0,71.0,76.0,77.0,83,57,76,76,70,70,86,78,75,75,63,62,66,75,60,83,76,79,75,79,78,76,72,73,68,70,74,77,77,14,12,15,16,13,,71+1,71+1,71+1,71,71,71,71,71,72+1,72+1,72+1,72+1,75+1,75+1,75+1,72+1,75+1,76,76,76,75+1,75+1,76,76,76,75+1,21+1,https://cdn.sofifa.net/players/139/313/18_120.png,https://cdn.sofifa.net/teams/95/60.png,https://cdn.sofifa.net/flags/gb-eng.png,,https://cdn.sofifa.net/flags/at.png
1698,178567,https://sofifa.com/player/178567/erik-pieters/180002,E. Pieters,Erik Pieters,"LB, LWB",75,75,5500000.0,50000.0,28,1988-08-07,183,84,1806.0,Stoke City,English Premier League,1.0,LWB,3.0,,2013-07-01,2020.0,34,Netherlands,,,,Left,2,2,2,Medium/Medium,Normal (170-185),Yes,10500000.0,,Avoids Using Weaker Foot,66.0,40.0,65.0,67.0,78.0,78.0,58,32,73,75,34,64,67,56,60,73,63,69,65,71,57,51,68,75,77,36,85,77,61,61,65,67,77,80,81,16,15,8,12,10,,59+1,59+1,59+1,62,61,61,61,62,63+1,63+1,63+1,64+1,67+1,67+1,67+1,64+1,73+1,74+1,74+1,74+1,73+1,74+1,77-2,77-2,77-2,74+1,19+1,https://cdn.sofifa.net/players/178/567/18_120.png,https://cdn.sofifa.net/teams/1806/60.png,https://cdn.sofifa.net/flags/gb-eng.png,,https://cdn.sofifa.net/flags/nl.png
1485,210897,https://sofifa.com/player/210897/chancel-mbemba/180002,C. Mbemba,Chancel Mbemba Mangulu,CB,76,82,9000000.0,50000.0,22,1994-08-08,182,82,13.0,Newcastle United,English Premier League,1.0,SUB,18.0,,2015-07-30,2020.0,110,Congo DR,,,,Right,3,2,1,High/Medium,Normal (170-185),Yes,18900000.0,,Dives Into Tackles (AI),74.0,54.0,53.0,66.0,75.0,80.0,47,52,74,64,37,64,29,28,65,69,72,76,68,69,63,79,88,74,84,42,74,72,52,43,31,68,74,79,77,9,14,16,7,7,,64+1,64+1,64+1,61,62,62,62,61,60+1,60+1,60+1,62+1,62+1,62+1,62+1,62+1,69+1,70+1,70+1,70+1,69+1,71+1,75+1,75+1,75+1,71+1,16+1,https://cdn.sofifa.net/players/210/897/18_120.png,https://cdn.sofifa.net/teams/13/60.png,https://cdn.sofifa.net/flags/gb-eng.png,,https://cdn.sofifa.net/flags/cd.png
1922,212491,https://sofifa.com/player/212491/arthur-masuaku/180002,A. Masuaku,Arthur Masuaku,"LB, LWB",75,81,7500000.0,60000.0,23,1993-11-07,179,70,19.0,West Ham United,English Premier League,1.0,SUB,26.0,,2016-08-08,2020.0,110,Congo DR,,,,Left,2,3,1,High/Medium,Lean (170-185),Yes,15800000.0,,"Avoids Using Weaker Foot, Flair, Speed Dribbler (AI)",86.0,66.0,70.0,78.0,70.0,73.0,75,60,60,71,61,80,69,48,68,76,87,86,76,75,81,77,69,77,74,71,65,66,68,71,49,73,70,74,73,8,7,10,7,7,,71+1,71+1,71+1,75,73,73,73,75,73+1,73+1,73+1,75+1,72+1,72+1,72+1,75+1,74+1,71+1,71+1,71+1,74+1,74+1,70+1,70+1,70+1,74+1,15+1,https://cdn.sofifa.net/players/212/491/18_120.png,https://cdn.sofifa.net/teams/19/60.png,https://cdn.sofifa.net/flags/gb-eng.png,,https://cdn.sofifa.net/flags/cd.png
829,199304,https://sofifa.com/player/199304/danilo-luiz-da-silva/180002,Danilo,Danilo Luiz da Silva,"RB, LB, CB",78,81,10500000.0,100000.0,25,1991-07-15,184,78,10.0,Manchester City,English Premier League,1.0,LWB,3.0,,2017-07-23,2022.0,54,Brazil,,,,Right,4,3,2,High/Medium,Lean (170-185),No,20200000.0,,"Long Shot Taker (AI), Speed Dribbler (AI)",78.0,70.0,71.0,74.0,76.0,79.0,71,61,68,76,72,73,74,76,69,77,75,80,73,79,65,85,75,83,79,72,74,81,75,63,67,69,72,77,78,14,5,15,14,5,,74+1,74+1,74+1,73,73,73,73,73,73+1,73+1,73+1,74+1,74+1,74+1,74+1,74+1,77+1,76+1,76+1,76+1,77+1,77+1,76+1,76+1,76+1,77+1,17+1,https://cdn.sofifa.net/players/199/304/18_120.png,https://cdn.sofifa.net/teams/10/60.png,https://cdn.sofifa.net/flags/gb-eng.png,,https://cdn.sofifa.net/flags/br.png
858,204884,https://sofifa.com/player/204884/benjamin-mendy/180002,B. Mendy,Benjamin Mendy,"LB, LWB",78,86,13000000.0,90000.0,22,1994-07-17,185,85,10.0,Manchester City,English Premier League,1.0,SUB,22.0,,2017-07-24,2022.0,18,France,1335.0,LB,3.0,Left,3,2,2,High/Medium,Normal (185+),No,26700000.0,,"Injury Prone, Early Crosser",82.0,48.0,70.0,75.0,74.0,79.0,82,33,64,76,20,76,77,29,68,76,79,84,68,76,71,68,69,82,81,63,75,76,70,58,40,70,73,76,78,7,7,9,15,9,,65+1,65+1,65+1,71,68,68,68,71,69+1,69+1,69+1,73+1,71+1,71+1,71+1,73+1,78+1,75+1,75+1,75+1,78+1,77+1,75+1,75+1,75+1,77+1,17+1,https://cdn.sofifa.net/players/204/884/18_120.png,https://cdn.sofifa.net/teams/10/60.png,https://cdn.sofifa.net/flags/gb-eng.png,https://cdn.sofifa.net/teams/1335/60.png,https://cdn.sofifa.net/flags/fr.png
1792,193062,https://sofifa.com/player/193062/marvin-zeegelaar/180002,M. Zeegelaar,Marvin Zeegelaar,"LB, LM",75,75,5500000.0,40000.0,26,1990-08-12,186,82,1795.0,Watford,English Premier League,1.0,SUB,17.0,,2017-08-31,2021.0,34,Netherlands,,,,Left,3,3,1,High/Medium,Normal (185+),No,10500000.0,,Speed Dribbler (AI),78.0,65.0,67.0,73.0,71.0,80.0,75,62,55,67,58,74,68,52,59,75,75,81,68,72,53,76,66,83,83,64,71,72,74,67,53,68,71,75,75,12,15,12,11,10,,70+1,70+1,70+1,72,71,71,71,72,70+1,70+1,70+1,72+1,70+1,70+1,70+1,72+1,74+1,72+1,72+1,72+1,74+1,74+1,72+1,72+1,72+1,74+1,19+1,https://cdn.sofifa.net/players/193/062/18_120.png,https://cdn.sofifa.net/teams/1795/60.png,https://cdn.sofifa.net/flags/gb-eng.png,,https://cdn.sofifa.net/flags/nl.png
261,200104,https://sofifa.com/player/200104/heung-min-son/180002,H. Son,손흥민 孙兴慜,"LM, RM, ST",82,85,28000000.0,90000.0,24,1992-07-08,183,77,18.0,Tottenham Hotspur,English Premier League,1.0,LM,7.0,,2015-08-28,2020.0,167,Korea Republic,,,,Right,5,4,3,High/High,Lean (170-185),Yes,55300000.0,,"Diver, Finesse Shot, Long Shot Taker (AI), Speed Dribbler (AI)",86.0,83.0,75.0,83.0,25.0,66.0,75,83,65,78,73,85,81,70,64,82,87,86,79,81,77,83,65,80,62,86,60,29,83,78,71,78,17,19,23,11,13,13,6,10,,80+1,80+1,80+1,82,82,82,82,82,81+1,81+1,81+1,81+1,73+1,73+1,73+1,81+1,59+1,54+1,54+1,54+1,59+1,54+1,43+1,43+1,43+1,54+1,18+1,https://cdn.sofifa.net/players/200/104/18_120.png,https://cdn.sofifa.net/teams/18/60.png,https://cdn.sofifa.net/flags/gb-eng.png,,https://cdn.sofifa.net/flags/kr.png
10542,225782,https://sofifa.com/player/225782/ainsley-maitland-niles/180002,A. Maitland-Niles,Ainsley Maitland-Niles,"RM, CM",65,78,1000000.0,15000.0,19,1997-08-29,177,71,1.0,Arsenal,English Premier League,1.0,SUB,30.0,,2014-10-24,2019.0,14,England,,,,Right,4,3,1,Medium/Medium,Lean (170-185),No,2500000.0,,,74.0,53.0,62.0,65.0,57.0,66.0,60,51,38,68,39,65,44,36,66,63,77,72,74,62,70,58,58,72,68,54,55,61,56,60,54,55,57,59,58,15,9,7,10,13,,58+1,58+1,58+1,63,61,61,61,63,63+1,63+1,63+1,64+1,63+1,63+1,63+1,64+1,64+1,63+1,63+1,63+1,64+1,62+1,58+1,58+1,58+1,62+1,17+1,https://cdn.sofifa.net/players/225/782/18_120.png,https://cdn.sofifa.net/teams/1/60.png,https://cdn.sofifa.net/flags/gb-eng.png,,https://cdn.sofifa.net/flags/gb-eng.png
3466,177766,https://sofifa.com/player/177766/gaetan-bong/180002,G. Bong,Gaëtan Bong Songo,LB,72,72,2400000.0,30000.0,29,1988-04-25,183,74,1808.0,Brighton & Hove Albion,English Premier League,1.0,SUB,3.0,,2015-07-02,2018.0,103,Cameroon,,,,Left,3,3,1,High/High,Lean (170-185),No,4700000.0,,,70.0,41.0,68.0,70.0,71.0,74.0,70,29,56,72,16,68,64,35,70,73,69,70,71,68,64,58,72,75,76,53,70,71,63,68,40,68,72,75,73,13,12,10,8,14,,58+1,58+1,58+1,65,63,63,63,65,66+1,66+1,66+1,67+1,69+1,69+1,69+1,67+1,72,72,72,72,72,71+1,71+1,71+1,71+1,71+1,18+1,https://cdn.sofifa.net/players/177/766/18_120.png,https://cdn.sofifa.net/teams/1808/60.png,https://cdn.sofifa.net/flags/gb-eng.png,,https://cdn.sofifa.net/flags/cm.png
465,190815,https://sofifa.com/player/190815/daley-blind/180002,D. Blind,Daley Blind,"LB, CB",80,81,13500000.0,120000.0,27,1990-03-09,180,72,11.0,Manchester United,English Premier League,1.0,LB,17.0,,2014-09-01,2018.0,34,Netherlands,105035.0,LB,5.0,Left,4,2,3,High/Medium,Normal (170-185),Yes,26000000.0,,"Injury Free, Early Crosser, Long Passer (AI), Set Play Specialist",60.0,56.0,79.0,76.0,80.0,76.0,80,46,71,81,62,73,84,62,80,80,63,58,72,84,75,68,71,86,74,62,70,82,68,76,56,83,80,83,76,12,9,10,14,10,,67+2,67+2,67+2,71+1,70+1,70+1,70+1,71+1,73+2,73+2,73+2,74+2,78+2,78+2,78+2,74+2,79+2,80+1,80+1,80+1,79+2,78+2,78+2,78+2,78+2,78+2,19+2,https://cdn.sofifa.net/players/190/815/18_120.png,https://cdn.sofifa.net/teams/11/60.png,https://cdn.sofifa.net/flags/gb-eng.png,https://cdn.sofifa.net/teams/105035/60.png,https://cdn.sofifa.net/flags/nl.png
1842,202151,https://sofifa.com/player/202151/konstantinos-stafylidis/180002,K. Stafylidis,Konstantinos Stafylidis,LB,75,79,7000000.0,20000.0,23,1993-12-02,178,73,100409.0,FC Augsburg,German 1. Bundesliga,1.0,SUB,3.0,,2015-08-20,2019.0,22,Greece,1338.0,LM,21.0,Left,3,2,1,High/Medium,Normal (170-185),No,13100000.0,#Distance Shooter,Long Shot Taker (AI),78.0,64.0,69.0,73.0,72.0,73.0,82,48,51,73,68,72,74,81,76,75,77,79,73,74,78,89,62,71,71,85,83,63,41,41,46,66,75,79,80,11,7,15,10,14,,65+1,65+1,65+1,68,65,65,65,68,65+1,65+1,65+1,68+1,67+1,67+1,67+1,68+1,75+1,72+1,72+1,72+1,75+1,74+1,72+1,72+1,72+1,74+1,18+1,https://cdn.sofifa.net/players/202/151/18_120.png,https://cdn.sofifa.net/teams/100409/60.png,https://cdn.sofifa.net/flags/de.png,https://cdn.sofifa.net/teams/1338/60.png,https://cdn.sofifa.net/flags/gr.png
1670,169638,https://sofifa.com/player/169638/charlie-daniels/180002,C. Daniels,Charlie Daniels,LB,75,75,4800000.0,50000.0,30,1986-09-07,178,75,1943.0,AFC Bournemouth,English Premier League,1.0,LB,11.0,,2012-01-01,2020.0,14,England,,,,Left,3,2,1,High/Medium,Normal (170-185),Yes,9100000.0,,"Long Throw-in, Injury Free, Early Crosser",76.0,55.0,72.0,74.0,72.0,70.0,74,50,64,73,45,74,67,68,69,74,77,75,73,70,72,68,78,79,72,47,51,71,71,71,72,69,72,76,74,14,16,13,6,7,,66+1,66+1,66+1,70,69,69,69,70,70+1,70+1,70+1,72+1,71+1,71+1,71+1,72+1,74+1,72+1,72+1,72+1,74+1,74+1,71+1,71+1,71+1,74+1,17+1,https://cdn.sofifa.net/players/169/638/18_120.png,https://cdn.sofifa.net/teams/1943/60.png,https://cdn.sofifa.net/flags/gb-eng.png,,https://cdn.sofifa.net/flags/gb-eng.png
1268,160310,https://sofifa.com/player/160310/jesus-gamez-duarte/180002,Jesús Gámez,Jesús Gámez Duarte,"RB, LB",76,76,4300000.0,60000.0,32,1985-04-10,182,77,13.0,Newcastle United,English Premier League,1.0,SUB,27.0,,2016-07-08,2018.0,45,Spain,,,,Right,3,2,2,Medium/Medium,Normal (170-185),No,8100000.0,,Long Throw-in,66.0,51.0,63.0,66.0,78.0,81.0,77,37,63,64,44,63,65,51,66,74,60,71,58,73,57,84,77,76,81,51,86,79,47,49,53,74,78,81,78,9,11,9,15,11,,61+1,61+1,61+1,61,60,60,60,61,60+1,60+1,60+1,64+1,65+1,65+1,65+1,64+1,74+1,74+1,74+1,74+1,74+1,75+1,77-1,77-1,77-1,75+1,18+1,https://cdn.sofifa.net/players/160/310/18_120.png,https://cdn.sofifa.net/teams/13/60.png,https://cdn.sofifa.net/flags/gb-eng.png,,https://cdn.sofifa.net/flags/es.png
772,186115,https://sofifa.com/player/186115/kieran-gibbs/180002,K. Gibbs,Kieran Gibbs,LB,78,78,8500000.0,60000.0,27,1989-09-26,179,70,109.0,West Bromwich Albion,English Premier League,1.0,LB,3.0,,2017-08-30,2021.0,14,England,,,,Left,2,3,2,High/Medium,Lean (170-185),Yes,16200000.0,,"Injury Prone, Avoids Using Weaker Foot",79.0,55.0,70.0,74.0,77.0,72.0,76,47,68,74,47,74,64,52,65,75,77,80,73,77,74,67,71,77,69,60,72,78,63,65,63,75,76,79,78,6,11,8,9,15,,66+1,66+1,66+1,70,69,69,69,70,69+1,69+1,69+1,72+1,71+1,71+1,71+1,72+1,77+1,74+1,74+1,74+1,77+1,77+1,75+1,75+1,75+1,77+1,17+1,https://cdn.sofifa.net/players/186/115/18_120.png,https://cdn.sofifa.net/teams/109/60.png,https://cdn.sofifa.net/flags/gb-eng.png,,https://cdn.sofifa.net/flags/gb-eng.png
5583,225100,https://sofifa.com/player/225100/joe-gomez/180002,J. Gomez,Joe Gomez,"CB, RB, LB",70,82,2800000.0,40000.0,20,1997-05-23,188,77,9.0,Liverpool,English Premier League,1.0,SUB,12.0,,2015-06-20,2022.0,14,England,,,,Right,3,2,1,Medium/Medium,Normal (185+),Yes,5900000.0,,Injury Prone,77.0,30.0,53.0,65.0,69.0,72.0,57,26,69,65,24,65,41,29,53,65,75,78,64,65,66,41,64,67,78,26,63,64,51,39,26,63,69,71,71,8,13,14,7,7,,54+1,54+1,54+1,57,55,55,55,57,56+1,56+1,56+1,60+1,57+1,57+1,57+1,60+1,67+1,65+1,65+1,65+1,67+1,68+1,69+1,69+1,69+1,68+1,15+1,https://cdn.sofifa.net/players/225/100/18_120.png,https://cdn.sofifa.net/teams/9/60.png,https://cdn.sofifa.net/flags/gb-eng.png,,https://cdn.sofifa.net/flags/gb-eng.png
443,177604,https://sofifa.com/player/177604/ignacio-monreal-eraso/180002,Nacho Monreal,Ignacio Monreal Eraso,"LB, CB",80,80,9500000.0,110000.0,31,1986-02-26,179,72,1.0,Arsenal,English Premier League,1.0,LCB,18.0,,2013-01-31,2019.0,45,Spain,,,,Left,3,2,2,High/High,Lean (170-185),Yes,17600000.0,,,73.0,53.0,72.0,75.0,80.0,72.0,78,39,67,77,56,73,74,59,61,77,74,72,73,79,74,71,75,83,65,61,74,83,64,66,61,76,80,82,81,7,5,9,3,5,,65+2,65+2,65+2,70+1,68+1,68+1,68+1,70+1,69+2,69+2,69+2,72+2,72+2,72+2,72+2,72+2,79+1,77+2,77+2,77+2,79+1,79+1,77+2,77+2,77+2,79+1,13+2,https://cdn.sofifa.net/players/177/604/18_120.png,https://cdn.sofifa.net/teams/1/60.png,https://cdn.sofifa.net/flags/gb-eng.png,,https://cdn.sofifa.net/flags/es.png
1594,52306,https://sofifa.com/player/52306/chris-brunt/180002,C. Brunt,Chris Brunt,"RM, LB",75,75,5000000.0,60000.0,32,1984-12-14,185,84,109.0,West Bromwich Albion,English Premier League,1.0,SUB,11.0,,2007-08-01,2018.0,35,Northern Ireland,110081.0,LCM,15.0,Left,2,3,2,Medium/Medium,Normal (185+),Yes,9500000.0,,"Power Free-Kick, Team Player, Set Play Specialist",59.0,73.0,79.0,75.0,67.0,67.0,85,67,61,78,58,77,86,70,79,77,63,56,65,74,61,86,77,65,66,79,69,67,70,74,74,65,65,71,63,11,13,6,16,7,,71+1,71+1,71+1,73,73,73,73,73,74+1,74+1,74+1,74+1,75,75,75,74+1,71+1,72+1,72+1,72+1,71+1,69+1,68+1,68+1,68+1,69+1,18+1,https://cdn.sofifa.net/players/052/306/18_120.png,https://cdn.sofifa.net/teams/109/60.png,https://cdn.sofifa.net/flags/gb-eng.png,https://cdn.sofifa.net/teams/110081/60.png,https://cdn.sofifa.net/flags/gb-nir.png
762,182744,https://sofifa.com/player/182744/jose-holebas/180002,J. Holebas,José Holebas,"LB, LWB",78,78,4000000.0,50000.0,33,1984-06-27,185,81,1795.0,Watford,English Premier League,1.0,LB,25.0,,2015-07-02,2018.0,22,Greece,,,,Left,2,3,2,Medium/Medium,Normal (185+),Yes,7600000.0,,Dives Into Tackles (AI),80.0,67.0,70.0,74.0,76.0,82.0,79,57,74,73,50,73,69,71,69,75,78,81,74,71,75,85,74,82,79,78,89,68,69,54,57,77,78,79,80,15,13,13,14,16,,72+1,72+1,72+1,72,71,71,71,72,70+1,70+1,70+1,72+1,70+1,70+1,70+1,72+1,76+1,74+1,74+1,74+1,76+1,77+1,77+1,77+1,77+1,77+1,21+1,https://cdn.sofifa.net/players/182/744/18_120.png,https://cdn.sofifa.net/teams/1795/60.png,https://cdn.sofifa.net/flags/gb-eng.png,,https://cdn.sofifa.net/flags/gr.png
708,140620,https://sofifa.com/player/140620/ragnar-klavan/180002,R. Klavan,Ragnar Klavan,CB,78,78,7000000.0,90000.0,31,1985-10-30,187,85,9.0,Liverpool,English Premier League,1.0,SUB,17.0,,2016-07-20,2019.0,208,Estonia,,,,Left,3,2,2,Medium/Medium,Normal (185+),Yes,13300000.0,,,57.0,48.0,63.0,62.0,78.0,76.0,52,38,78,72,34,56,48,34,73,70,54,59,61,75,54,67,76,70,78,56,77,75,38,60,44,70,78,81,77,11,15,11,10,12,,58+1,58+1,58+1,57,58,58,58,57,61+1,61+1,61+1,60+1,67+1,67+1,67+1,60+1,69+1,74+1,74+1,74+1,69+1,71+1,77+1,77+1,77+1,71+1,19+1,https://cdn.sofifa.net/players/140/620/18_120.png,https://cdn.sofifa.net/teams/9/60.png,https://cdn.sofifa.net/flags/gb-eng.png,,https://cdn.sofifa.net/flags/ee.png
1947,216267,https://sofifa.com/player/216267/andrew-robertson/180002,A. Robertson,Andrew Robertson,"LB, LWB",75,82,8000000.0,60000.0,23,1994-03-11,178,64,9.0,Liverpool,English Premier League,1.0,SUB,26.0,,2017-07-21,2022.0,42,Scotland,1359.0,LB,3.0,Left,2,2,1,High/High,Lean (170-185),Yes,16800000.0,,"Avoids Using Weaker Foot, Early Crosser, Speed Dribbler (AI)",80.0,60.0,67.0,75.0,72.0,71.0,78,60,65,68,32,74,71,30,59,75,78,82,81,71,74,67,55,81,68,61,69,73,64,69,55,67,72,74,70,11,8,10,7,14,,67+1,67+1,67+1,72,70,70,70,72,70+1,70+1,70+1,72+1,69+1,69+1,69+1,72+1,74+1,71+1,71+1,71+1,74+1,74+1,71+1,71+1,71+1,74+1,17+1,https://cdn.sofifa.net/players/216/267/18_120.png,https://cdn.sofifa.net/teams/9/60.png,https://cdn.sofifa.net/flags/gb-eng.png,https://cdn.sofifa.net/teams/1359/60.png,https://cdn.sofifa.net/flags/gb-sct.png
8346,215756,https://sofifa.com/player/215756/sam-mcqueen/180002,S. McQueen,Sam McQueen,"LB, LM",67,75,950000.0,30000.0,22,1995-02-06,180,70,17.0,Southampton,English Premier League,1.0,RES,38.0,,2013-06-01,2021.0,14,England,,,,Left,3,2,1,Medium/Medium,Normal (170-185),Yes,2000000.0,,,75.0,48.0,61.0,70.0,63.0,68.0,72,47,53,60,42,71,67,47,57,69,74,76,73,62,72,48,61,73,71,51,55,62,47,57,52,57,62,67,61,12,12,12,7,9,,57+1,57+1,57+1,64,60,60,60,64,61+1,61+1,61+1,65+1,61+1,61+1,61+1,65+1,67+1,63+1,63+1,63+1,67+1,66+1,63+1,63+1,63+1,66+1,16+1,https://cdn.sofifa.net/players/215/756/18_120.png,https://cdn.sofifa.net/teams/17/60.png,https://cdn.sofifa.net/flags/gb-eng.png,,https://cdn.sofifa.net/flags/gb-eng.png
5634,229984,https://sofifa.com/player/229984/ben-chilwell/180002,B. Chilwell,Ben Chilwell,LB,70,82,2800000.0,30000.0,20,1996-12-21,178,77,95.0,Leicester City,English Premier League,1.0,SUB,3.0,,2015-08-26,2021.0,14,England,,,,Left,3,2,1,High/Medium,Normal (170-185),Yes,5800000.0,,"Long Throw-in, Dives Into Tackles (AI), Speed Dribbler (AI)",76.0,43.0,64.0,71.0,66.0,69.0,69,45,55,65,39,72,60,46,62,70,77,75,72,64,70,39,75,77,63,35,71,67,68,65,50,69,64,68,71,10,7,14,7,10,,59+1,59+1,59+1,66,63,63,63,66,65+1,65+1,65+1,68+1,65+1,65+1,65+1,68+1,69+1,67+1,67+1,67+1,69+1,69+1,66+1,66+1,66+1,69+1,15+1,https://cdn.sofifa.net/players/229/984/18_120.png,https://cdn.sofifa.net/teams/95/60.png,https://cdn.sofifa.net/flags/gb-eng.png,,https://cdn.sofifa.net/flags/gb-eng.png
2732,169345,https://sofifa.com/player/169345/markus-suttner/180002,M. Suttner,Markus Suttner,"LB, LWB",73,73,2900000.0,40000.0,30,1987-04-16,179,73,1808.0,Brighton & Hove Albion,English Premier League,1.0,LB,29.0,,2017-07-13,2020.0,4,Austria,,,,Left,3,3,1,High/Medium,Normal (170-185),No,5800000.0,,"Early Crosser, Long Shot Taker (AI)",74.0,58.0,71.0,71.0,69.0,71.0,76,48,59,73,63,69,75,81,65,72,74,74,75,74,72,75,74,78,69,70,68,69,51,65,38,72,69,72,71,10,13,15,7,15,,64+1,64+1,64+1,68,66,66,66,68,67+1,67+1,67+1,69+1,69+1,69+1,69+1,69+1,73,71+1,71+1,71+1,73,72+1,69+1,69+1,69+1,72+1,18+1,https://cdn.sofifa.net/players/169/345/18_120.png,https://cdn.sofifa.net/teams/1808/60.png,https://cdn.sofifa.net/flags/gb-eng.png,,https://cdn.sofifa.net/flags/at.png
863,205923,https://sofifa.com/player/205923/ben-davies/180002,B. Davies,Benjamin Thomas Davies,"LB, CB, LWB",78,82,11000000.0,70000.0,24,1993-04-24,182,76,18.0,Tottenham Hotspur,English Premier League,1.0,LB,33.0,,2014-07-23,2021.0,50,Wales,1367.0,LCB,18.0,Left,3,2,2,Medium/High,Normal (170-185),Yes,21700000.0,,,76.0,54.0,71.0,74.0,78.0,73.0,77,55,66,75,37,73,64,48,68,77,78,74,72,73,65,60,70,80,73,48,67,76,64,70,54,73,80,80,81,11,7,6,7,14,,66+1,66+1,66+1,71,69,69,69,71,70+1,70+1,70+1,73+1,72+1,72+1,72+1,73+1,77+1,75+1,75+1,75+1,77+1,77+1,75+1,75+1,75+1,77+1,17+1,https://cdn.sofifa.net/players/205/923/18_120.png,https://cdn.sofifa.net/teams/18/60.png,https://cdn.sofifa.net/flags/gb-eng.png,https://cdn.sofifa.net/teams/1367/60.png,https://cdn.sofifa.net/flags/gb-wls.png
2877,190885,https://sofifa.com/player/190885/adam-smith/180002,A. Smith,Adam Smith,RB,73,76,4100000.0,50000.0,26,1991-04-29,180,78,1943.0,AFC Bournemouth,English Premier League,1.0,RB,15.0,,2014-01-28,2021.0,14,England,,,,Right,3,3,1,High/Medium,Lean (170-185),Yes,8000000.0,,Technical Dribbler (AI),76.0,55.0,69.0,73.0,71.0,69.0,72,43,56,72,40,74,59,66,61,72,77,75,74,73,69,72,53,76,68,68,67,70,63,69,48,72,72,75,72,8,9,15,9,6,,64+1,64+1,64+1,69,68,68,68,69,69+1,69+1,69+1,70+1,69+1,69+1,69+1,70+1,73+1,71+1,71+1,71+1,73+1,72+1,69+1,69+1,69+1,72+1,16+1,https://cdn.sofifa.net/players/190/885/18_120.png,https://cdn.sofifa.net/teams/1943/60.png,https://cdn.sofifa.net/flags/gb-eng.png,,https://cdn.sofifa.net/flags/gb-eng.png
4330,193185,https://sofifa.com/player/193185/scott-malone/180002,S. Malone,Scott Malone,LB,71,73,2300000.0,30000.0,26,1991-03-25,189,75,1939.0,Huddersfield Town,English Premier League,1.0,SUB,3.0,,2017-07-05,2020.0,14,England,,,,Left,2,2,1,High/High,Lean (185+),No,4800000.0,,"Avoids Using Weaker Foot, Speed Dribbler (AI)",76.0,62.0,63.0,69.0,67.0,73.0,68,57,55,67,54,69,40,63,64,68,75,77,73,71,65,69,71,79,73,65,65,70,64,55,64,63,66,69,68,12,9,11,9,7,,65+1,65+1,65+1,67,66,66,66,67,66+1,66+1,66+1,68+1,66+1,66+1,66+1,68+1,70+1,68+1,68+1,68+1,70+1,70+1,68+1,68+1,68+1,70+1,16+1,https://cdn.sofifa.net/players/193/185/18_120.png,https://cdn.sofifa.net/teams/1939/60.png,https://cdn.sofifa.net/flags/gb-eng.png,,https://cdn.sofifa.net/flags/gb-eng.png
6396,218659,https://sofifa.com/player/218659/matt-targett/180002,M. Targett,Matt Targett,LB,69,80,1600000.0,30000.0,21,1995-09-18,183,70,17.0,Southampton,English Premier League,1.0,SUB,33.0,,2013-07-06,2022.0,14,England,,,,Left,2,2,1,Medium/Medium,Normal (170-185),Yes,3300000.0,,,75.0,37.0,60.0,64.0,66.0,68.0,72,36,56,64,37,64,63,62,62,61,72,78,72,59,63,34,61,72,68,38,63,67,49,40,51,59,64,71,68,10,15,8,11,14,,52+1,52+1,52+1,59,55,55,55,59,56+1,56+1,56+1,61+1,58+1,58+1,58+1,61+1,68+1,64+1,64+1,64+1,68+1,68+1,65+1,65+1,65+1,68+1,17+1,https://cdn.sofifa.net/players/218/659/18_120.png,https://cdn.sofifa.net/teams/17/60.png,https://cdn.sofifa.net/flags/gb-eng.png,,https://cdn.sofifa.net/flags/gb-eng.png
876,209997,https://sofifa.com/player/209997/kevin-wimmer/180002,K. Wimmer,Kevin Wimmer,CB,78,83,12000000.0,50000.0,24,1992-11-15,187,85,1806.0,Stoke City,English Premier League,1.0,LCB,5.0,,2017-08-29,2022.0,4,Austria,1322.0,SUB,5.0,Left,3,2,2,Medium/Medium,Normal (185+),Yes,23700000.0,,,59.0,27.0,61.0,64.0,79.0,75.0,52,21,76,74,27,63,24,28,70,67,55,62,59,78,61,40,71,63,80,25,76,78,30,59,35,72,78,81,78,13,10,15,12,11,,51+1,51+1,51+1,55,54,54,54,55,58+1,58+1,58+1,59+1,64+1,64+1,64+1,59+1,70+1,74+1,74+1,74+1,70+1,71+1,77+1,77+1,77+1,71+1,19+1,https://cdn.sofifa.net/players/209/997/18_120.png,https://cdn.sofifa.net/teams/1806/60.png,https://cdn.sofifa.net/flags/gb-eng.png,https://cdn.sofifa.net/teams/1322/60.png,https://cdn.sofifa.net/flags/at.png
450,184392,https://sofifa.com/player/184392/matteo-darmian/180002,M. Darmian,Matteo Darmian,"LB, RB",80,81,13500000.0,120000.0,27,1989-12-02,182,70,11.0,Manchester United,English Premier League,1.0,SUB,36.0,,2015-07-11,2019.0,27,Italy,1343.0,RB,4.0,Right,5,3,2,Low/High,Lean (170-185),Yes,26000000.0,,,77.0,58.0,69.0,75.0,80.0,73.0,71,55,68,76,59,74,69,35,66,75,78,77,80,80,78,69,73,88,65,56,76,79,64,63,45,76,81,84,82,6,7,7,12,7,,68+1,68+1,68+1,71,70,70,70,71,70+1,70+1,70+1,73+1,72+1,72+1,72+1,73+1,79+1,77+1,77+1,77+1,79+1,79+1,77+1,77+1,77+1,79+1,16+1,https://cdn.sofifa.net/players/184/392/18_120.png,https://cdn.sofifa.net/teams/11/60.png,https://cdn.sofifa.net/flags/gb-eng.png,https://cdn.sofifa.net/teams/1343/60.png,https://cdn.sofifa.net/flags/it.png
1749,189067,https://sofifa.com/player/189067/miguel-angel-britos/180002,M. Britos,Miguel Ángel Britos Cabrera,CB,75,75,4500000.0,40000.0,31,1985-07-17,190,85,1795.0,Watford,English Premier League,1.0,LCB,3.0,,2015-07-22,2018.0,60,Uruguay,,,,Left,3,2,2,Medium/Medium,Normal (185+),Yes,8500000.0,,,50.0,34.0,50.0,52.0,76.0,74.0,43,37,75,60,22,47,47,52,64,58,48,51,49,68,54,30,83,62,79,31,76,75,24,31,51,66,75,78,76,12,13,11,10,11,,48+1,48+1,48+1,47,46,46,46,47,47+1,47+1,47+1,49+1,54+1,54+1,54+1,49+1,63+1,68+1,68+1,68+1,63+1,66+1,74+1,74+1,74+1,66+1,18+1,https://cdn.sofifa.net/players/189/067/18_120.png,https://cdn.sofifa.net/teams/1795/60.png,https://cdn.sofifa.net/flags/gb-eng.png,,https://cdn.sofifa.net/flags/uy.png
3005,204760,https://sofifa.com/player/204760/charlie-taylor/180002,C. Taylor,Charlie Taylor,LB,73,80,4700000.0,40000.0,23,1993-09-18,176,70,1796.0,Burnley,English Premier League,1.0,SUB,3.0,,2017-07-06,2021.0,14,England,,,,Left,2,2,1,High/Medium,Lean (170-185),No,9900000.0,,"Avoids Using Weaker Foot, Dives Into Tackles (AI), Early Crosser",75.0,54.0,66.0,71.0,71.0,75.0,75,49,64,66,43,71,69,61,59,70,77,73,75,71,73,63,75,79,73,59,74,72,63,65,45,70,70,72,71,13,6,14,13,8,,64+1,64+1,64+1,68,66,66,66,68,66+1,66+1,66+1,69+1,67+1,67+1,67+1,69+1,72+1,70+1,70+1,70+1,72+1,72+1,71+1,71+1,71+1,72+1,17+1,https://cdn.sofifa.net/players/204/760/18_120.png,https://cdn.sofifa.net/teams/1796/60.png,https://cdn.sofifa.net/flags/gb-eng.png,,https://cdn.sofifa.net/flags/gb-eng.png
1457,205566,https://sofifa.com/player/205566/alberto-moreno-perez/180002,Alberto Moreno,Alberto Moreno Pérez,LB,76,79,8000000.0,80000.0,24,1992-07-05,171,65,9.0,Liverpool,English Premier League,1.0,LB,18.0,,2014-08-16,2019.0,45,Spain,,,,Left,3,2,2,High/Low,Normal (170-185),Yes,15800000.0,,"Avoids Using Weaker Foot, Dives Into Tackles (AI), Beat Offside Trap, Speed Dribbler (AI)",88.0,65.0,68.0,78.0,67.0,74.0,78,59,61,74,35,76,59,40,64,79,87,88,86,69,87,80,85,85,64,74,83,68,69,58,54,63,62,71,76,10,14,9,10,11,,70+1,70+1,70+1,74,72,72,72,74,72+1,72+1,72+1,74+1,71+1,71+1,71+1,74+1,75+1,71+1,71+1,71+1,75+1,75+1,70+1,70+1,70+1,75+1,17+1,https://cdn.sofifa.net/players/205/566/18_120.png,https://cdn.sofifa.net/teams/9/60.png,https://cdn.sofifa.net/flags/gb-eng.png,,https://cdn.sofifa.net/flags/es.png
1730,186392,https://sofifa.com/player/186392/joel-ward/180002,J. Ward,Joel Ward,"RB, LB",75,76,6000000.0,40000.0,27,1989-10-29,188,83,1799.0,Crystal Palace,English Premier League,1.0,RWB,2.0,,2012-05-01,2018.0,14,England,,,,Right,3,2,1,Medium/Medium,Normal (185+),Yes,11900000.0,,Injury Free,65.0,54.0,67.0,65.0,77.0,76.0,73,46,75,70,33,64,43,34,69,67,64,65,66,73,61,68,66,77,78,63,74,77,64,68,40,73,76,78,77,8,7,7,10,11,,64+1,64+1,64+1,65,65,65,65,65,66+1,66+1,66+1,67+1,69+1,69+1,69+1,67+1,73+1,74+1,74+1,74+1,73+1,74+1,75+1,75+1,75+1,74+1,16+1,https://cdn.sofifa.net/players/186/392/18_120.png,https://cdn.sofifa.net/teams/1799/60.png,https://cdn.sofifa.net/flags/gb-eng.png,,https://cdn.sofifa.net/flags/gb-eng.png
1009,183427,https://sofifa.com/player/183427/fabian-delph/180002,F. Delph,Fabian Delph,CM,77,78,10000000.0,110000.0,27,1989-11-21,174,60,10.0,Manchester City,English Premier League,1.0,SUB,18.0,,2015-07-17,2020.0,14,England,,,,Left,3,3,2,High/High,Lean (170-185),Yes,19300000.0,#Engine,"Injury Prone, Long Shot Taker (AI)",74.0,69.0,73.0,82.0,68.0,75.0,69,63,53,80,59,83,72,48,75,79,76,72,89,72,86,80,68,88,66,73,82,75,71,72,65,76,63,73,71,10,9,14,11,6,,71+1,71+1,71+1,75,74,74,74,75,76+1,76+1,76+1,76+1,76+1,76+1,76+1,76+1,75+1,75+1,75+1,75+1,75+1,73+1,70+1,70+1,70+1,73+1,16+1,https://cdn.sofifa.net/players/183/427/18_120.png,https://cdn.sofifa.net/teams/10/60.png,https://cdn.sofifa.net/flags/gb-eng.png,,https://cdn.sofifa.net/flags/gb-eng.png
1486,210972,https://sofifa.com/player/210972/javier-manquillo-gaitan/180002,Manquillo,Javier Manquillo Gaitán,"RB, LB",76,82,9000000.0,50000.0,23,1994-05-05,180,72,13.0,Newcastle United,English Premier League,1.0,RB,19.0,,2017-07-21,2020.0,45,Spain,,,,Right,3,2,1,High/Medium,Normal (170-185),Yes,18900000.0,,,76.0,45.0,65.0,71.0,73.0,72.0,79,32,63,73,37,71,75,51,66,73,78,74,74,69,64,69,68,89,66,44,67,69,69,39,46,64,73,78,75,14,7,14,12,13,,62+1,62+1,62+1,66,63,63,63,66,63+1,63+1,63+1,69+1,66+1,66+1,66+1,69+1,75+1,71+1,71+1,71+1,75+1,75+1,71+1,71+1,71+1,75+1,18+1,https://cdn.sofifa.net/players/210/972/18_120.png,https://cdn.sofifa.net/teams/13/60.png,https://cdn.sofifa.net/flags/gb-eng.png,,https://cdn.sofifa.net/flags/es.png
209,163631,https://sofifa.com/player/163631/leighton-baines/180002,L. Baines,Leighton Baines,LB,82,82,12500000.0,110000.0,32,1984-12-11,170,74,7.0,Everton,English Premier League,1.0,LWB,3.0,,2007-08-07,2019.0,14,England,,,,Left,3,3,3,High/Medium,Normal (170-),Yes,23800000.0,#Crosser,"Early Crosser, Team Player, Takes Finesse Free Kicks",70.0,71.0,80.0,79.0,80.0,71.0,86,63,74,81,63,78,81,82,74,80,73,68,74,83,84,84,71,81,64,75,74,80,73,76,90,81,81,81,79,8,15,10,13,12,,74+2,74+2,74+2,76+1,76+1,76+1,76+1,76+1,76+2,76+2,76+2,77+2,78+2,78+2,78+2,77+2,80+2,79+2,79+2,79+2,80+2,80+2,77+2,77+2,77+2,80+2,20+2,https://cdn.sofifa.net/players/163/631/18_120.png,https://cdn.sofifa.net/teams/7/60.png,https://cdn.sofifa.net/flags/gb-eng.png,,https://cdn.sofifa.net/flags/gb-eng.png
423,169705,https://sofifa.com/player/169705/ryan-bertrand/180002,R. Bertrand,Ryan Bertrand,LB,80,80,12000000.0,90000.0,27,1989-08-05,179,85,17.0,Southampton,English Premier League,1.0,LB,21.0,,2015-02-02,2021.0,14,England,1318.0,SUB,14.0,Left,3,2,2,High/Medium,Normal (170-185),Yes,22800000.0,,Dives Into Tackles (AI),79.0,53.0,71.0,77.0,79.0,75.0,82,50,69,76,43,77,74,66,70,79,79,79,76,76,68,59,71,83,73,54,73,77,63,51,52,76,79,82,82,11,13,15,10,15,,66+1,66+1,66+1,71,68,68,68,71,69+1,69+1,69+1,73+1,71+1,71+1,71+1,73+1,79+1,76+1,76+1,76+1,79+1,79+1,77+1,77+1,77+1,79+1,19+1,https://cdn.sofifa.net/players/169/705/18_120.png,https://cdn.sofifa.net/teams/17/60.png,https://cdn.sofifa.net/flags/gb-eng.png,https://cdn.sofifa.net/teams/1318/60.png,https://cdn.sofifa.net/flags/gb-eng.png
3444,172953,https://sofifa.com/player/172953/adrian-mariappa/180002,A. Mariappa,Adrian Mariappa,"RB, CB",72,72,2200000.0,30000.0,30,1986-10-03,180,78,1795.0,Watford,English Premier League,1.0,RES,6.0,,2016-08-30,2019.0,82,Jamaica,,,,Right,3,2,1,Medium/Medium,Normal (170-185),Yes,4300000.0,,,68.0,34.0,57.0,63.0,75.0,72.0,57,27,76,63,21,59,33,22,61,65,68,68,64,73,76,47,80,70,77,34,58,68,53,58,44,64,76,77,79,6,15,8,13,10,,55+1,55+1,55+1,58,57,57,57,58,58+1,58+1,58+1,60+1,62+1,62+1,62+1,60+1,69+1,69+1,69+1,69+1,69+1,71+1,73-1,73-1,73-1,71+1,18+1,https://cdn.sofifa.net/players/172/953/18_120.png,https://cdn.sofifa.net/teams/1795/60.png,https://cdn.sofifa.net/flags/gb-eng.png,,https://cdn.sofifa.net/flags/jm.png
2989,203544,https://sofifa.com/player/203544/chris-lowe/180002,C. Löwe,Chris Jörg Löwe,LB,73,73,3200000.0,40000.0,28,1989-04-16,175,68,1939.0,Huddersfield Town,English Premier League,1.0,LB,15.0,,2016-07-01,2019.0,21,Germany,,,,Left,2,3,1,Medium/High,Lean (170-185),No,6300000.0,,Dives Into Tackles (AI),79.0,60.0,68.0,70.0,70.0,69.0,70,53,56,68,52,68,71,65,67,70,80,79,76,71,80,72,79,85,61,64,68,71,62,65,74,68,73,70,71,14,12,8,8,12,,64+1,64+1,64+1,68,67,67,67,68,67+1,67+1,67+1,69+1,68+1,68+1,68+1,69+1,73,70+1,70+1,70+1,73,72+1,69+1,69+1,69+1,72+1,18+1,https://cdn.sofifa.net/players/203/544/18_120.png,https://cdn.sofifa.net/teams/1939/60.png,https://cdn.sofifa.net/flags/gb-eng.png,,https://cdn.sofifa.net/flags/de.png
1660,165321,https://sofifa.com/player/165321/stephen-ward/180002,S. Ward,Stephen Robert Ward,LB,75,75,4400000.0,40000.0,31,1985-08-20,184,82,1796.0,Burnley,English Premier League,1.0,LB,23.0,,2014-08-15,2019.0,25,Republic of Ireland,1355.0,SUB,17.0,Left,5,3,2,High/High,Normal (170-185),Yes,8300000.0,,Early Crosser,67.0,59.0,68.0,69.0,74.0,78.0,72,58,70,71,66,69,69,55,68,71,66,67,66,76,63,63,72,82,77,54,78,74,58,64,62,68,74,76,75,6,16,13,11,16,,66+1,66+1,66+1,67,66,66,66,67,67+1,67+1,67+1,69+1,69+1,69+1,69+1,69+1,74+1,74+1,74+1,74+1,74+1,74+1,74+1,74+1,74+1,74+1,19+1,https://cdn.sofifa.net/players/165/321/18_120.png,https://cdn.sofifa.net/teams/1796/60.png,https://cdn.sofifa.net/flags/gb-eng.png,https://cdn.sofifa.net/teams/1355/60.png,https://cdn.sofifa.net/flags/ie.png
3597,193884,https://sofifa.com/player/193884/sam-clucas/180002,S. Clucas,Sam Clucas,"CM, LM, CDM",72,74,3700000.0,40000.0,26,1990-09-25,188,74,1960.0,Swansea City,English Premier League,1.0,SUB,17.0,,2017-08-23,2021.0,14,England,,,,Left,4,3,1,High/High,Lean (185+),No,7300000.0,#Engine,Injury Free,71.0,67.0,71.0,72.0,63.0,70.0,70,66,60,76,68,74,65,67,70,72,68,74,66,64,63,67,70,89,67,68,56,67,64,68,65,69,61,64,57,6,9,9,8,6,,67+1,67+1,67+1,70,69,69,69,70,70+1,70+1,70+1,71+1,71+1,71+1,71+1,71+1,70+1,68+1,68+1,68+1,70+1,68+1,64+1,64+1,64+1,68+1,14+1,https://cdn.sofifa.net/players/193/884/18_120.png,https://cdn.sofifa.net/teams/1960/60.png,https://cdn.sofifa.net/flags/gb-eng.png,,https://cdn.sofifa.net/flags/gb-eng.png
654,205988,https://sofifa.com/player/205988/luke-shaw/180002,L. Shaw,Luke Shaw,LB,79,84,14000000.0,90000.0,21,1995-07-12,185,75,11.0,Manchester United,English Premier League,1.0,SUB,23.0,,2014-06-27,2018.0,14,England,,,,Left,2,2,2,High/Medium,Stocky (185+),Yes,27000000.0,,"Injury Prone, Avoids Using Weaker Foot, Speed Dribbler (AI)",82.0,51.0,71.0,77.0,76.0,76.0,80,44,65,75,58,77,63,58,64,78,80,84,78,77,75,62,68,74,79,48,74,78,73,65,53,75,74,79,79,10,12,13,7,7,,67+1,67+1,67+1,72,70,70,70,72,71+1,71+1,71+1,74+1,71+1,71+1,71+1,74+1,78+1,75+1,75+1,75+1,78+1,78+1,76+1,76+1,76+1,78+1,17+1,https://cdn.sofifa.net/players/205/988/18_120.png,https://cdn.sofifa.net/teams/11/60.png,https://cdn.sofifa.net/flags/gb-eng.png,,https://cdn.sofifa.net/flags/gb-eng.png
3924,227813,https://sofifa.com/player/227813/oleksandr-zinchenko/180002,O. Zinchenko,Oleksandr Zinchenko,"CAM, RW, LW",72,82,5000000.0,50000.0,20,1996-12-15,175,64,10.0,Manchester City,English Premier League,1.0,SUB,35.0,,2016-07-04,2021.0,49,Ukraine,,,,Left,3,4,1,Medium/Medium,Lean (170-185),No,10300000.0,,"Avoids Using Weaker Foot, Flair, Technical Dribbler (AI)",72.0,61.0,75.0,75.0,58.0,58.0,78,58,52,72,60,76,78,74,76,70,75,70,80,70,80,69,65,59,56,62,59,66,64,78,59,61,51,62,59,15,11,13,11,11,,65+1,65+1,65+1,71,69,69,69,71,71+1,71+1,71+1,71+1,70+1,70+1,70+1,71+1,67+1,66+1,66+1,66+1,67+1,65+1,60+1,60+1,60+1,65+1,18+1,https://cdn.sofifa.net/players/227/813/18_120.png,https://cdn.sofifa.net/teams/10/60.png,https://cdn.sofifa.net/flags/gb-eng.png,,https://cdn.sofifa.net/flags/ua.png
4480,204355,https://sofifa.com/player/204355/paul-dummett/180002,P. Dummett,Paul Dummett,"LB, CB",71,75,2500000.0,40000.0,25,1991-09-26,183,77,13.0,Newcastle United,English Premier League,1.0,LB,3.0,,2010-07-01,2019.0,50,Wales,,,,Left,2,2,1,High/Medium,Lean (170-185),Yes,5000000.0,,"Early Crosser, Long Passer (AI)",65.0,40.0,62.0,67.0,72.0,71.0,61,41,72,70,33,66,54,52,68,69,66,65,64,69,76,40,73,72,73,35,65,65,55,51,43,60,74,75,74,15,11,13,11,13,,58+1,58+1,58+1,61,59,59,59,61,61+1,61+1,61+1,63+1,64+1,64+1,64+1,63+1,69+1,69+1,69+1,69+1,69+1,70+1,71+1,71+1,71+1,70+1,19+1,https://cdn.sofifa.net/players/204/355/18_120.png,https://cdn.sofifa.net/teams/13/60.png,https://cdn.sofifa.net/flags/gb-eng.png,,https://cdn.sofifa.net/flags/gb-wls.png
14730,232759,https://sofifa.com/player/232759/josh-tymon/180002,J. Tymon,Josh Tymon,LB,60,77,375000.0,4000.0,18,1999-05-22,178,74,1806.0,Stoke City,English Premier League,1.0,SUB,12.0,,2017-07-05,2022.0,14,England,,,,Left,2,2,1,Medium/Medium,Lean (170-185),No,947000.0,,,67.0,36.0,49.0,62.0,58.0,58.0,55,27,41,55,28,62,47,29,46,61,65,68,63,54,73,48,58,60,56,45,59,59,37,41,40,56,59,61,60,13,13,9,12,11,,47+1,47+1,47+1,53,50,50,50,53,51+1,51+1,51+1,54+1,52+1,52+1,52+1,54+1,59+1,57+1,57+1,57+1,59+1,59+1,57+1,57+1,57+1,59+1,17+1,https://cdn.sofifa.net/players/232/759/18_120.png,https://cdn.sofifa.net/teams/1806/60.png,https://cdn.sofifa.net/flags/gb-eng.png,,https://cdn.sofifa.net/flags/gb-eng.png
1613,152908,https://sofifa.com/player/152908/ashley-young/180002,A. Young,Ashley Young,"RB, LM, LB",75,75,4400000.0,80000.0,31,1985-07-09,175,65,11.0,Manchester United,English Premier League,1.0,SUB,18.0,,2011-07-01,2018.0,14,England,,,,Right,3,3,2,Medium/Medium,Lean (170-185),Yes,8100000.0,,"Diver, Avoids Using Weaker Foot, Early Crosser",77.0,69.0,77.0,79.0,65.0,61.0,84,65,54,77,73,78,86,72,69,79,79,76,81,79,77,75,57,73,57,70,58,67,68,75,65,65,64,68,63,16,10,15,16,15,,70+3,70+3,70+3,76-1,74+1,74+1,74+1,76-1,75,75,75,76-1,74+1,74+1,74+1,76-1,73+2,70+3,70+3,70+3,73+2,72+3,65+3,65+3,65+3,72+3,21+3,https://cdn.sofifa.net/players/152/908/18_120.png,https://cdn.sofifa.net/teams/11/60.png,https://cdn.sofifa.net/flags/gb-eng.png,,https://cdn.sofifa.net/flags/gb-eng.png
1057,192667,https://sofifa.com/player/192667/allan-nyom/180002,A. Nyom,Allan Roméo Nyom,"LB, RB",77,77,6500000.0,70000.0,29,1988-05-10,188,81,109.0,West Bromwich Albion,English Premier League,1.0,RB,2.0,,2016-08-31,2020.0,103,Cameroon,,,,Right,3,2,2,Medium/Medium,Normal (185+),Yes,12400000.0,,Injury Free,75.0,47.0,63.0,67.0,78.0,83.0,75,27,69,65,44,68,68,30,64,72,72,78,50,74,50,74,57,84,86,66,80,75,51,54,37,67,77,83,81,12,8,9,9,14,,61+1,61+1,61+1,63,62,62,62,63,62+1,62+1,62+1,66+1,66+1,66+1,66+1,66+1,76+1,74+1,74+1,74+1,76+1,76+1,77,77,77,76+1,18+1,https://cdn.sofifa.net/players/192/667/18_120.png,https://cdn.sofifa.net/teams/109/60.png,https://cdn.sofifa.net/flags/gb-eng.png,,https://cdn.sofifa.net/flags/cm.png
74,172871,https://sofifa.com/player/172871/jan-vertonghen/180002,J. Vertonghen,Jan Vertonghen,CB,85,85,28500000.0,130000.0,30,1987-04-24,189,88,18.0,Tottenham Hotspur,English Premier League,1.0,LCB,5.0,,2012-07-01,2019.0,7,Belgium,1325.0,LCB,5.0,Left,3,2,3,High/High,Normal (185+),Yes,54200000.0,"#Tackling, #Tactician ",Power Free-Kick,67.0,65.0,73.0,70.0,85.0,81.0,68,56,81,79,52,69,58,73,74,74,68,66,62,82,55,86,83,79,81,68,83,86,60,68,68,81,84,86,86,6,10,9,12,7,,70+2,70+2,70+2,69+1,70+1,70+1,70+1,69+1,70+2,70+2,70+2,70+2,74+2,74+2,74+2,70+2,78+2,81+2,81+2,81+2,78+2,80+2,83+2,83+2,83+2,80+2,17+2,https://cdn.sofifa.net/players/172/871/18_120.png,https://cdn.sofifa.net/teams/18/60.png,https://cdn.sofifa.net/flags/gb-eng.png,https://cdn.sofifa.net/teams/1325/60.png,https://cdn.sofifa.net/flags/be.png
4424,200759,https://sofifa.com/player/200759/jeffrey-schlupp/180002,J. Schlupp,Jeffrey Schlupp,"LB, LM, LWB",71,76,2600000.0,30000.0,24,1992-12-23,178,72,1799.0,Crystal Palace,English Premier League,1.0,SUB,15.0,,2017-01-13,2021.0,117,Ghana,,,,Left,2,2,1,High/Medium,Normal (170-185),Yes,5200000.0,,Speed Dribbler (AI),87.0,61.0,61.0,73.0,67.0,76.0,64,56,64,65,64,74,62,34,55,69,84,89,81,68,79,74,77,76,79,53,70,65,69,63,68,64,68,68,70,9,7,8,10,9,,68+1,68+1,68+1,69,69,69,69,69,67+1,67+1,67+1,69+1,65+1,65+1,65+1,69+1,70+1,67+1,67+1,67+1,70+1,70+1,69+1,69+1,69+1,70+1,15+1,https://cdn.sofifa.net/players/200/759/18_120.png,https://cdn.sofifa.net/teams/1799/60.png,https://cdn.sofifa.net/flags/gb-eng.png,,https://cdn.sofifa.net/flags/gh.png
4483,204519,https://sofifa.com/player/204519/cuco-martina/180002,C. Martina,Rhu-endly Aurelio Jean-Carlo Martina,"RB, CB",71,71,2000000.0,50000.0,27,1989-09-25,185,77,7.0,Everton,English Premier League,1.0,RWB,15.0,,2017-07-17,2020.0,85,Curacao,,,,Right,3,2,1,Medium/Medium,Lean (185+),Yes,3700000.0,,Long Throw-in,71.0,52.0,62.0,63.0,69.0,75.0,71,45,65,62,44,62,60,45,60,61,69,72,70,72,60,61,85,82,73,60,71,70,53,59,51,71,68,72,69,13,14,14,14,12,,60+1,60+1,60+1,62,60,60,60,62,61+1,61+1,61+1,64+1,63+1,63+1,63+1,64+1,70+1,68+1,68+1,68+1,70+1,70+1,70+1,70+1,70+1,70+1,20+1,https://cdn.sofifa.net/players/204/519/18_120.png,https://cdn.sofifa.net/teams/7/60.png,https://cdn.sofifa.net/flags/gb-eng.png,,https://cdn.sofifa.net/flags/cw.png
